"subject";"identifier";"type";"creator";"title";"volume";"edition";"publisher";"year";"format";"ISBN";"ISSN";"ISMN";"EAN/UPC";"binding/price";"language";"country";"date of publication";"description";"collective title";"links";"relation";"rights";"subject headings";"connected titles";"uniform title";"frequency";"wv number"
"830 Deutsche Literatur ; B Belletristik";"URN:urn:nbn:de:101:2-2010060101, URL:http://nbn-resolving.de/urn:nbn:de:101:2-2010060101, IDN:1003104487";"Online-Ressource";"Goethe, Johann Wolfgang von [Verfasser]";"Egmont : ein Trauerspiel in fünf Aufzügen / J. W. von Goethe";"";"[Online-Ausg.]";"Paderborn : Schöningh";"1946";"92 S.";"";"";"";"";"";"ger";"XA-DE";"";"";"";"";"";"";"";"Online-Ausg.: Leipzig ; Frankfurt, M. ; Berlin : Dt. Nationalbibliothek 2010. Online-Ressource";"";"";"10,O10"
"830 Deutsche Literatur ; B Belletristik";"URN:urn:nbn:de:101:2-2010011375, URL:http://nbn-resolving.de/urn:nbn:de:101:2-2010011375, IDN:999490184";"Online-Ressource";"Meyer, Conrad Ferdinand [Verfasser]";"Das Amulett / Conrad Ferdinand Meyer";"";"6. - 15. Tsd., [Online-Ausg.]";"Wiesbaden : Verl. Dt. Volksbücher";"1939";"69 S.";"";"";"";"";"";"ger";"XA-DE";"";"";"";"";"";"";"";"Online-Ausg.: Leipzig ; Frankfurt, M. ; Berlin : Dt. Nationalbibliothek 2010. Online-Ressource";"";"";"10,O10"
"K Kinder- und Jugendliteratur";"URN:urn:nbn:de:101:2-2010020564, URL:http://nbn-resolving.de/urn:nbn:de:101:2-2010020564, IDN:1000047377";"Online-Ressource";"Hoffmann, Heinrich [Verfasser]";"Der Struwwelpeter oder lustige Geschichten und drollige Bilder für Kinder von 3 - 6 Jahren / von Heinrich Hoffmann";"";"593. Aufl. [der Orig.-Ausg.], [Online-Ausg.]";"[Stuttgart] : [Loewe]";"1939";"24 S.";"";"";"";"";"";"ger";"XA-DE";"";"";"";"";"";"";"";"Online-Ausg.: Leipzig ; Frankfurt, M. ; Berlin : Dt. Nationalbibliothek 2010. Online-Ressource";"";"";"10,O10"
"830 Deutsche Literatur ; B Belletristik";"URN:urn:nbn:de:101:2-2010021723, URL:http://nbn-resolving.de/urn:nbn:de:101:2-2010021723, IDN:1000290328";"Online-Ressource";"Kleist, Heinrich von [Verfasser]";"Der Zweikampf / Heinrich von Kleist";"";"[Online-Ausg.]";"Stuttgart : Kohlhammer";"1939";"40 S.";"";"";"";"";"";"ger";"XA-DE";"";"";"";"";"";"";"";"Online-Ausg.: Leipzig ; Frankfurt, M. ; Berlin : Dt. Nationalbibliothek 2010. Online-Ressource";"";"";"10,O10"
"K Kinder- und Jugendliteratur";"URN:urn:nbn:de:101:2-2010011995, URL:http://nbn-resolving.de/urn:nbn:de:101:2-2010011995, IDN:99962461X";"Online-Ressource";"Spyri, Johanna [Verfasser]";"Heidi : eine Geschichte für Kinder und solche, die Kinder lieb haben / Johanna Spyri. Mit Bildern von Rudolf Münger";"";"[Ungekürzte Originalausg. von Heidis Lehr- und Wanderjahre und Heidi kann brauchen, was es gelernt hat], [Online-Ausg.]";"Zürich : Rascher";"1939";"225, 158 S.";"";"";"";"";"";"ger";"XA-DE";"";"";"";"";"";"";"";"Online-Ausg.: Leipzig ; Frankfurt, M. ; Berlin : Dt. Nationalbibliothek 2010. Online-Ressource";"";"";"10,O10"
"";"URN:urn:nbn:de:101:2-20100310115, URL:http://nbn-resolving.de/urn:nbn:de:101:2-20100310115, IDN:1000756300";"Online-Ressource";"";"Bd. 8. Die Wahlverwandschaften";"Bd. 8. Die Wahlverwandschaften";"";"";"1938";"302 S.";"";"";"";"";"";"ger";"";"";"";"";"";"http://d-nb.info/1000756149";"";"";"Online-Ausg.: 2010";"";"";"10,O10"
"830 Deutsche Literatur ; B Belletristik";"URN:urn:nbn:de:101:2-2010011233, URL:http://nbn-resolving.de/urn:nbn:de:101:2-2010011233, IDN:999458884";"Online-Ressource";"Hofmannsthal, Hugo von [Verfasser]";"Der Schwierige : Lustspiel in drei Akten / von Hugo von Hofmannsthal";"";"6. Aufl., [Online-Ausg.]";"Wien : Bermann-Fischer";"1935";"191 S.";"";"";"";"";"";"ger";"XA-AT";"";"";"";"";"";"";"";"Online-Ausg.: Leipzig ; Frankfurt, M. ; Berlin : Dt. Nationalbibliothek 2010. Online-Ressource";"";"";"10,O10"
"830 Deutsche Literatur ; B Belletristik";"URN:urn:nbn:de:101:2-2010020363, URL:http://nbn-resolving.de/urn:nbn:de:101:2-2010020363, IDN:999991159";"Online-Ressource";"Fontane, Theodor [Verfasser]";"Frau Jenny Treibel : Stine / Theodor Fontane";"";"[Online-Ausg.]";"Berlin-Schöneberg : Oestergaard";"1935";"311 S.";"";"";"";"";"";"ger";"XA-DE";"";"";"";"";"";"";"";"Online-Ausg.: Leipzig ; Frankfurt, M. ; Berlin : Dt. Nationalbibliothek 2010. Online-Ressource";"";"";"10,O10"
"830 Deutsche Literatur ; B Belletristik";"URN:urn:nbn:de:101:2-2010011904, URL:http://nbn-resolving.de/urn:nbn:de:101:2-2010011904, IDN:999636863";"Online-Ressource";"Kleist, Heinrich von [Verfasser]";"Prinz Friedrich von Homburg : ein Schauspiel / von Heinrich von Kleist";"";"[Online-Ausg.]";"Langensalza ; Berlin ; Leipzig : J. Beltz";"1935";"80 S.";"";"";"";"";"";"ger";"XA-DE";"";"";"Beltz' billige Bücher ; H. 20";"";"http://d-nb.info/578983893";"";"Heinrich Kleist von: Prinz Friedrich von Homburg ; Deutschunterricht ; Lehrmittel";"Online-Ausg.: Leipzig ; Frankfurt, M. ; Berlin : Dt. Nationalbibliothek 2010. Online-Ressource";"";"";"10,O10"
"830 Deutsche Literatur ; B Belletristik";"URN:urn:nbn:de:101:2-2010011271, URL:http://nbn-resolving.de/urn:nbn:de:101:2-2010011271, IDN:999460919";"Online-Ressource";"Rilke, Rainer Maria [Verfasser]";"Die Weise von Liebe und Tod des Cornets Christoph Rilke / von Rainer Maria Rilke";"";"451. - 500. Tsd., [Online-Ausg.]";"Leipzig : Insel-Verl.";"1934";"33 S.";"";"";"";"";"";"ger";"XA-DE";"";"";"";"";"";"";"";"Online-Ausg.: Leipzig ; Frankfurt, M. ; Berlin : Dt. Nationalbibliothek 2010. Online-Ressource";"";"";"10,O10"
"830 Deutsche Literatur ; B Belletristik";"URN:urn:nbn:de:101:2-2010031197, URL:http://nbn-resolving.de/urn:nbn:de:101:2-2010031197, IDN:100079170X";"Online-Ressource";"Eichendorff, Joseph von [Verfasser]";"Das Marmorbild";"";"5. Aufl., [Online-Ausg.]";"Münster : Aschendorff";"1933";"95 S.";"";"";"";"";"";"ger";"XA-DE";"";"";"Unsere Erzähler : 1933 ; Bd. 4";"";"http://d-nb.info/1274860105";"";"";"Online-Ausg.: Leipzig ; Frankfurt, M. ; Berlin : Dt. Nationalbibliothek 2010. Online-Ressource";"";"";"10,O10"
"S Schulbücher";"URN:urn:nbn:de:101:2-2010041508, URL:http://nbn-resolving.de/urn:nbn:de:101:2-2010041508, IDN:1001586859";"Online-Ressource";"Schiller, Friedrich [Verfasser]";"Maria Stuart : ein Trauerspiel / Friedrich von Schiller";"";"[Online-Ausg.]";"Paderborn : Schöningh";"1932";"128 S.";"";"";"";"";"";"ger";"XA-DE";"";"";"";"";"";"";"Friedrich Schiller: Maria Stuart ; Deutschunterricht ; Lehrmittel";"Online-Ausg.: Leipzig ; Frankfurt, M. ; Berlin : Dt. Nationalbibliothek 2010. Online-Ressource";"";"";"10,O10"
"830 Deutsche Literatur ; B Belletristik";"URN:urn:nbn:de:101:2-2010020575, URL:http://nbn-resolving.de/urn:nbn:de:101:2-2010020575, IDN:1000046974";"Online-Ressource";"Raabe, Wilhelm [Verfasser]";"Der Hungerpastor / Wilhelm Raabe";"";"Vollst. Ausg., [Online-Ausg.]";"Berlin : Knaur";"1931";"524 S.";"";"";"";"";"";"ger";"XA-DE";"";"";"";"";"";"";"";"Online-Ausg.: Leipzig ; Frankfurt, M. ; Berlin : Dt. Nationalbibliothek 2010. Online-Ressource";"";"";"10,O10"
"830 Deutsche Literatur ; B Belletristik";"URN:urn:nbn:de:101:2-2010011258, URL:http://nbn-resolving.de/urn:nbn:de:101:2-2010011258, IDN:999460048";"Online-Ressource";"Raabe, Wilhelm [Verfasser]";"Die schwarze Galeere : geschichtliche Erzählung / Wilhelm Raabe";"";"1. - 10. Tsd., [Online-Ausg.]";"Berlin-Grunewald : Verl. Anst. Klemm";"1931";"95 S.";"";"";"";"";"";"ger";"XA-DE";"";"";"";"";"";"";"";"Online-Ausg.: Leipzig ; Frankfurt, M. ; Berlin : Dt. Nationalbibliothek 2010. Online-Ressource";"";"";"10,O10"
"830 Deutsche Literatur ; B Belletristik";"URN:urn:nbn:de:101:2-2010030914, URL:http://nbn-resolving.de/urn:nbn:de:101:2-2010030914, IDN:1000721078";"Online-Ressource";"Horváth, Ödön von [Verfasser]";"Geschichten aus dem Wiener Wald : Volksstück in drei Teilen / von Ödön Horváth";"";"[Online-Ausg.]";"Berlin : Propyläen-Verl.";"1931";"143 S.";"";"";"";"";"";"ger";"XA-DE";"";"";"";"";"";"";"";"Online-Ausg.: Leipzig ; Frankfurt, M. ; Berlin : Dt. Nationalbibliothek 2010. Online-Ressource";"";"";"10,O10"
"830 Deutsche Literatur ; B Belletristik";"URN:urn:nbn:de:101:2-2010020811, URL:http://nbn-resolving.de/urn:nbn:de:101:2-2010020811, IDN:1000071022";"Online-Ressource";"May, Karl [Verfasser]";"Tödlicher Staub : Erzählung aus dem wilden Westen / von Karl May";"";"1. - 10. Tsd., [Online-Ausg.]";"Leipzig : Hesse & Becker";"1931";"337 S.";"";"";"";"";"";"ger";"XA-DE";"";"";"";"";"";"";"";"Online-Ausg.: Leipzig ; Frankfurt, M. : Dt. Nationalbibliothek 2010. Online-Ressource";"";"";"10,O10"
"830 Deutsche Literatur ; B Belletristik";"URN:urn:nbn:de:101:2-2010020509, URL:http://nbn-resolving.de/urn:nbn:de:101:2-2010020509, IDN:1000040275";"Online-Ressource";"Hebbel, Friedrich [Verfasser]";"Agnes Bernauer : ein deutsches Trauerspiel in fünf Aufzügen / von Friedrich Hebbel";"";"[Online-Ausg.]";"Berlin : Weltgeist-Bücher-Verl.-Ges.";"1930";"81 S.";"";"";"";"";"";"ger";"XA-DE";"";"";"";"";"";"";"";"Online-Ausg.: Leipzig ; Frankfurt, M. ; Berlin : Dt. Nationalbibliothek 2010. Online-Ressource";"";"";"10,O10"
"830 Deutsche Literatur ; B Belletristik";"URN:urn:nbn:de:101:2-2010012630, URL:http://nbn-resolving.de/urn:nbn:de:101:2-2010012630, IDN:99979258X";"Online-Ressource";"Mörike, Eduard [Verfasser]";"Das Stuttgarter Hutzelmännlein : Märchen / von Eduard Mörike";"";"[Online-Ausg.]";"Berlin : Weltgeist-Bücher-Verl.-Ges.";"1930";"95 S.";"";"";"";"";"";"ger";"XA-DE";"";"";"";"";"";"";"";"Online-Ausg.: Leipzig ; Frankfurt, M. ; Berlin : Dt. Nationalbibliothek 2010. Online-Ressource";"";"";"10,O10"
"830 Deutsche Literatur ; B Belletristik";"URN:urn:nbn:de:101:2-2010031129, URL:http://nbn-resolving.de/urn:nbn:de:101:2-2010031129, URL:http://nbn-resolving.de/urn:nbn:de:101:2-2010031129, IDN:1000779661";"Online-Ressource";"Fontane, Theodor [Verfasser] ; Lissauer, Ernst [Herausgeber]";"Gedichte / Theodor Fontane. Ausgew. und eingel. von Ernst Lissauer";"";"1. - 5. Tsd., [Online-Ausg.]";"Wiesbaden : Volksbildungsverein";"1930";"103 S.";"";"";"";"";"";"ger";"XA-DE";"";"";"";"";"";"lizenzfrei";"";"Online-Ausg.: Leipzig ; Frankfurt, M. ; Berlin : Dt. Nationalbibliothek 2010. Online-Ressource";"";"";"10,O10"
"830 Deutsche Literatur ; B Belletristik";"URN:urn:nbn:de:101:2-2010031032, URL:http://nbn-resolving.de/urn:nbn:de:101:2-2010031032, IDN:1000739368";"Online-Ressource";"Ludwig, Otto [Verfasser]";"Der Erbförster : Trauerspiel in fünf Aufzügen / von Otto Ludwig";"";"[Online-Ausg.]";"Berlin : Weltgeist-Bücher-Verl.-Ges.";"1929";"82 S. ; 18 cm";"";"";"";"";"";"ger";"XA-DE";"";"";"";"";"";"";"";"Online-Ausg.: Leipzig ; Frankfurt, M. ; Berlin : Dt. Nationalbibliothek 2010. Online-Ressource";"";"";"10,O10"
"830 Deutsche Literatur ; B Belletristik";"URN:urn:nbn:de:101:2-20100208102, URL:http://nbn-resolving.de/urn:nbn:de:101:2-20100208102, IDN:100006087X";"Online-Ressource";"Fontane, Theodor [Verfasser]";"Effi Briest : Roman / von Theodor Fontane";"";"Vollst. Ausg., [Online-Ausg.]";"Berlin : Knaur";"1929";"319 S.";"";"";"";"";"";"ger";"XA-DE";"";"";"";"";"";"";"Preußen ; Adel ; Ehebruch ; Geschichte 1871-1890 ; Belletristische Darstellung";"Online-Ausg.: Leipzig ; Frankfurt, M. ; Berlin : Dt. Nationalbibliothek 2010. Online-Ressource";"";"";"10,O10"
"830 Deutsche Literatur ; B Belletristik";"URN:urn:nbn:de:101:2-2010011304, URL:http://nbn-resolving.de/urn:nbn:de:101:2-2010011304, IDN:999500368";"Online-Ressource";"Meyer, Conrad Ferdinand [Verfasser]";"Gustav Adolfs Page / von Conrad Ferdinand Meyer";"";"[Online-Ausg.]";"Berlin : Weltgeist-Bücher-Verl.-Ges.";"1929";"56 S.";"";"";"";"";"";"ger";"XA-DE";"";"";"";"";"";"";"";"Online-Ausg.: Leipzig ; Frankfurt, M. ; Berlin : Dt. Nationalbibliothek 2010. Online-Ressource";"";"";"10,O10"
"830 Deutsche Literatur ; B Belletristik";"URN:urn:nbn:de:101:2-2010011293, URL:http://nbn-resolving.de/urn:nbn:de:101:2-2010011293, IDN:999461842";"Online-Ressource";"Meyer, Conrad Ferdinand [Verfasser]";"Huttens letzte Tage / Conrad Ferdinand Meyer";"";"[Online-Ausg.]";"Leipzig : Insel-Verl.";"1929";"87 S.";"";"";"";"";"";"ger";"XA-DE";"";"";"";"";"";"";"";"Online-Ausg.: Leipzig ; Frankfurt, M. ; Berlin : Dt. Nationalbibliothek 2010. Online-Ressource";"";"";"10,O10"
"830 Deutsche Literatur ; B Belletristik";"URN:urn:nbn:de:101:2-20100310101, URL:http://nbn-resolving.de/urn:nbn:de:101:2-20100310101, IDN:1000744264";"Online-Ressource";"Spee, Friedrich von [Verfasser]";"Trutz-Nachtigal oder geistliches poetisch Lustwäldlein : als noch nie zuvor in teutscher Sprach auff recht Poetisch gesehen ist ; allen geistlichen, gottliebenden Seelen und sonderlich der poetischen Kunst gelehrten Liebhabern zur Erquickung ; durch einen Priester der Societet Jesu ; anno 1634 / [Friedrich Spee]";"";"[Online-Ausg.]";"München : [Beck]";"1929";"VII, 290 S. ; 31 cm";"";"";"";"";"";"ger";"XA-DE";"";"";"";"";"";"";"";"Online-Ausg.: Leipzig ; Frankfurt, M. ; Berlin : Dt. Nationalbibliothek 2010. Online-Ressource";"";"";"10,O10"
"830 Deutsche Literatur ; B Belletristik";"URN:urn:nbn:de:101:2-2010011354, URL:http://nbn-resolving.de/urn:nbn:de:101:2-2010011354, IDN:999495755";"Online-Ressource";"Ebner-Eschenbach, Marie von [Verfasser]";"Das Gemeindekind : Erzählung / von Marie von Ebner-Eschenbach";"";"[Online-Ausg.]";"Leipzig : Hesse & Becker";"1928";"281 S.";"";"";"";"";"";"ger";"XA-DE";"";"";"";"";"";"";"";"Online-Ausg.: Leipzig ; Frankfurt, M. ; Berlin : Dt. Nationalbibliothek 2010. Online-Ressource";"";"";"10,O10"
"830 Deutsche Literatur ; B Belletristik";"URN:urn:nbn:de:101:2-2010060110, URL:http://nbn-resolving.de/urn:nbn:de:101:2-2010060110, IDN:1003105009";"Online-Ressource";"Eichendorff, Joseph von [Verfasser] ; Lehmann, Wilhelm [Herausgeber]";"Das Schloß Dürande";"";"[Online-Ausg.]";"Paderborn : Schöningh";"1928";"93 S.";"";"";"";"";"";"ger";"XA-DE";"";"";"";"";"";"";"";"Online-Ausg.: Leipzig ; Frankfurt, M. ; Berlin : Dt. Nationalbibliothek 2010. Online-Ressource";"";"";"10,O10"
"830 Deutsche Literatur ; B Belletristik";"URN:urn:nbn:de:101:2-2010011332, URL:http://nbn-resolving.de/urn:nbn:de:101:2-2010011332, IDN:999498703";"Online-Ressource";"Lessing, Gotthold Ephraim [Verfasser]";"Emilia Galotti : ein Trauerspiel in fünf Aufzügen / von G. E. Lessing";"";"[Online-Ausg.]";"Berlin : Weltgeist-Bücher-Verl.-Ges.";"1928";"71 S.";"";"";"";"";"";"ger";"XA-DE";"";"";"";"";"";"";"";"Online-Ausg.: Leipzig ; Frankfurt, M. ; Berlin : Dt. Nationalbibliothek 2010. Online-Ressource";"";"";"10,O10"
"";"URN:urn:nbn:de:101:2-2010012605, URL:http://nbn-resolving.de/urn:nbn:de:101:2-2010012605, IDN:999794043";"Online-Ressource";"";"Bd. 5. Die Leiden des jungen Werthers [u.a.]";"Bd. 5. Die Leiden des jungen Werthers [u.a.]";"";"";"1928";"475 S.";"";"";"";"";"";"ger";"";"";"";"";"";"http://d-nb.info/99979373X";"";"";"Online-Ausg.: 2010";"";"";"10,O10"
"830 Deutsche Literatur ; B Belletristik";"URN:urn:nbn:de:101:2-2010011248, URL:http://nbn-resolving.de/urn:nbn:de:101:2-2010011248, IDN:999459716";"Online-Ressource";"Fontane, Theodor [Verfasser]";"Mathilde Möhring : Roman / von Theodor Fontane";"";"79. - 82. Tsd., [Online-Ausg.]";"Berlin : S. Fischer";"1928";"162 S.";"";"";"";"";"";"ger";"XA-DE";"";"";"";"";"";"";"";"Online-Ausg.: Leipzig ; Frankfurt, M. ; Berlin : Dt. Nationalbibliothek 2010. Online-Ressource";"";"";"10,O10"
"830 Deutsche Literatur ; B Belletristik";"URN:urn:nbn:de:101:2-2010031057, URL:http://nbn-resolving.de/urn:nbn:de:101:2-2010031057, IDN:1000741796";"Online-Ressource";"Hauff, Wilhelm [Verfasser]";"Phantasien im Bremer Ratskeller : ein Herbstgeschenk für Freunde des Weines / von Wilhelm Hauff";"";"[Online-Ausg.]";"Berlin : Weltgeist-Bücher-Verl.-Ges.";"1928";"60 S. ; 18 cm";"";"";"";"";"";"ger";"XA-DE";"";"";"";"";"";"";"";"Online-Ausg.: Leipzig ; Frankfurt, M. ; Berlin : Dt. Nationalbibliothek 2010. Online-Ressource";"";"";"10,O10"
"830 Deutsche Literatur ; B Belletristik";"URN:urn:nbn:de:101:2-2010020320, URL:http://nbn-resolving.de/urn:nbn:de:101:2-2010020320, IDN:999992317";"Online-Ressource";"Stifter, Adalbert [Verfasser]";"Bergkristall / von Adalbert Stifter";"";"[Online-Ausg.]";"München ; Bad Wörishofen : Neuwihler";"1927";"101 S.";"";"";"";"";"";"ger";"XA-DE";"";"";"";"";"";"";"";"Online-Ausg.: Leipzig ; Frankfurt, M. ; Berlin : Dt. Nationalbibliothek 2010. Online-Ressource";"";"";"10,O10"
"830 Deutsche Literatur ; B Belletristik";"URN:urn:nbn:de:101:2-2010031081, URL:http://nbn-resolving.de/urn:nbn:de:101:2-2010031081, IDN:1000742881";"Online-Ressource";"Kleist, Heinrich von [Verfasser]";"Das Käthchen von Heilbronn oder die Feuerprobe : ein großes historisches Ritterschauspiel / von Heinrich von Kleist";"";"[Online-Ausg.]";"Berlin : Weltgeist-Bücher-Verl.-Ges.";"1927";"109 S. ; 18 cm";"";"";"";"";"";"ger";"XA-DE";"";"";"";"";"";"";"";"Online-Ausg.: Leipzig ; Frankfurt, M. ; Berlin : Dt. Nationalbibliothek 2010. Online-Ressource";"";"";"10,O10"
"830 Deutsche Literatur ; B Belletristik";"URN:urn:nbn:de:101:2-2010031154, URL:http://nbn-resolving.de/urn:nbn:de:101:2-2010031154, IDN:1000777057";"Online-Ressource";"Droste-Hülshoff, Annette von [Verfasser]";"Die Judenbuche : ein Sittengemälde aus dem gebirgigen Westfalen / von Annette von Droste-Hülshoff";"";"[Online-Ausg.]";"Berlin : Weltgeist-Bücher-Verl.-Ges.";"1927";"60 S.";"";"";"";"";"";"ger";"XA-DE";"";"";"";"";"";"";"";"Online-Ausg.: Leipzig ; Frankfurt, M. ; Berlin : Dt. Nationalbibliothek 2010. Online-Ressource";"";"";"10,O10"
"";"URN:urn:nbn:de:101:2-20100310123, URL:http://nbn-resolving.de/urn:nbn:de:101:2-20100310123, IDN:1000755495";"Online-Ressource";"";"2. Die schwarze Spinne";"2. Die schwarze Spinne";"";"";"1927";"S. 29 - 121";"";"";"";"";"";"ger";"";"";"";"";"";"http://d-nb.info/1000755096";"";"";"Online-Ausg.: 2010";"";"";"10,O10"
"830 Deutsche Literatur ; B Belletristik";"URN:urn:nbn:de:101:2-2010011316, URL:http://nbn-resolving.de/urn:nbn:de:101:2-2010011316, IDN:99950004X";"Online-Ressource";"Goethe, Johann Wolfgang von [Verfasser]";"Hermann und Dorothea : in neun Gesängen / von Johann Wolfgang von Goethe";"";"[Online-Ausg.]";"Berlin : Weltgeist-Bücher-Verl.-Ges.";"1927";"60 S.";"";"";"";"";"";"ger";"XA-DE";"";"";"";"";"";"";"";"Online-Ausg.: Leipzig ; Frankfurt, M. ; Berlin : Dt. Nationalbibliothek 2010. Online-Ressource";"";"";"10,O10"
"830 Deutsche Literatur ; B Belletristik";"URN:urn:nbn:de:101:2-2010011228, URL:http://nbn-resolving.de/urn:nbn:de:101:2-2010011228, IDN:999458027";"Online-Ressource";"Hölderlin, Friedrich [Verfasser]";"Hyperion oder Der Eremit in Griechenland / Friedrich Hölderlin";"";"[Online-Ausg.]";"München : G. Müller";"1927";"214 S.";"";"";"";"";"";"ger";"XA-DE";"";"";"";"";"";"";"";"Online-Ausg.: Leipzig ; Frankfurt, M. ; Berlin : Dt. Nationalbibliothek 2010. Online-Ressource";"";"";"10,O10"
"830 Deutsche Literatur ; B Belletristik";"URN:urn:nbn:de:101:2-2010031145, URL:http://nbn-resolving.de/urn:nbn:de:101:2-2010031145, IDN:1000777588";"Online-Ressource";"Storm, Theodor [Verfasser]";"Immensee / Theodor Storm";"";"[Online-Ausg.]";"Berlin : Weltgeist-Bücher-Verl.-Ges.";"1927";"46 S.";"";"";"";"";"";"ger";"XA-DE";"";"";"";"";"";"";"";"Online-Ausg.: Leipzig ; Frankfurt, M. ; Berlin : Dt. Nationalbibliothek 2010. Online-Ressource";"";"";"10,O10"
"830 Deutsche Literatur ; B Belletristik";"URN:urn:nbn:de:101:2-2010031070, URL:http://nbn-resolving.de/urn:nbn:de:101:2-2010031070, IDN:1000742512";"Online-Ressource";"Grabbe, Christian Dietrich [Verfasser]";"Napoleon oder die hundert Tage : ein Drama in 5 Aufzügen / von Chr. D. Grabbe";"";"[Online-Ausg.]";"Berlin : Weltgeist-Bücher-Verl.-Ges.";"1927";"126 S. ; 18 cm";"";"";"";"";"";"ger";"XA-DE";"";"";"";"";"";"";"";"Online-Ausg.: Leipzig ; Frankfurt, M. ; Berlin : Dt. Nationalbibliothek 2010. Online-Ressource";"";"";"10,O10"
"830 Deutsche Literatur ; B Belletristik";"URN:urn:nbn:de:101:2-2010031026, URL:http://nbn-resolving.de/urn:nbn:de:101:2-2010031026, IDN:1000739201";"Online-Ressource";"Wieland, Christoph Martin [Verfasser]";"Oberon : ein Gedicht in zwölf Gesängen / Christoph Martin Wieland. Hrsg. von Ernst Baum";"";"2. Aufl., [Online-Ausg.]";"Leipzig : Freytag";"1927";"216 S. ; 17 cm";"";"";"";"";"";"ger";"XA-DE";"";"";"";"";"";"";"";"Online-Ausg.: Leipzig ; Frankfurt, M. ; Berlin : Dt. Nationalbibliothek 2010. Online-Ressource";"";"";"10,O10"
"830 Deutsche Literatur ; B Belletristik";"URN:urn:nbn:de:101:2-2010020332, URL:http://nbn-resolving.de/urn:nbn:de:101:2-2010020332, IDN:999992163";"Online-Ressource";"Keller, Gottfried [Verfasser]";"Romeo und Julia auf dem Dorfe / von Gottfried Keller";"";"[Online-Ausg.]";"München ; Bad Wörishofen : Neuwihler";"1927";"93 S.";"";"";"";"";"";"ger";"XA-DE";"";"";"";"";"";"";"";"Online-Ausg.: Leipzig ; Frankfurt, M. ; Berlin : Dt. Nationalbibliothek 2010. Online-Ressource";"";"";"10,O10"
"830 Deutsche Literatur ; B Belletristik";"URN:urn:nbn:de:101:2-2010020861, URL:http://nbn-resolving.de/urn:nbn:de:101:2-2010020861, IDN:1000065340";"Online-Ressource";"Gotthelf, Jeremias [Verfasser]";"Uli der Pächter / Jeremias Gotthelf";"";"[Online-Ausg.]";"Hamburg-Großborstel : Dt. Dichter-Gedächtnis-Stiftung";"1927";"496 S.";"";"";"";"";"";"ger";"XA-DE";"";"";"";"";"";"";"";"Online-Ausg.: Leipzig ; Frankfurt, M. ; Berlin : Dt. Nationalbibliothek 2010. Online-Ressource";"";"";"10,O10"
"830 Deutsche Literatur ; B Belletristik";"URN:urn:nbn:de:101:2-2010012621, URL:http://nbn-resolving.de/urn:nbn:de:101:2-2010012621, IDN:999793039";"Online-Ressource";"Gotthelf, Jeremias [Verfasser]";"Wie Uli der Knecht glücklich wird / Jeremias Gotthelf";"";"[Online-Ausg.]";"Hamburg-Großborstel : Dt. Dichter-Gedächtnis-Stiftung";"1927";"430 S.";"";"";"";"";"";"ger";"XA-DE";"";"";"";"";"";"";"";"Online-Ausg.: Leipzig ; Frankfurt, M. ; Berlin : Dt. Nationalbibliothek 2010. Online-Ressource";"";"";"10,O10"
"830 Deutsche Literatur ; B Belletristik";"URN:urn:nbn:de:101:2-2010011206, URL:http://nbn-resolving.de/urn:nbn:de:101:2-2010011206, IDN:999456539";"Online-Ressource";"Hoffmann, E. T. A. [Verfasser]";"Das Fräulein von Scuderi / E. Th. A. Hoffmann";"";"[Online-Ausg.]";"Berlin : Konrad W. Mecklenburg";"1926";"115 S.";"";"";"";"";"";"ger";"XA-DE";"";"";"";"";"";"";"";"Online-Ausg.: Leipzig ; Frankfurt, M. ; Berlin : Dt. Nationalbibliothek 2010. Online-Ressource";"";"";"10,O10"
"830 Deutsche Literatur ; B Belletristik";"URN:urn:nbn:de:101:2-2010011346, URL:http://nbn-resolving.de/urn:nbn:de:101:2-2010011346, IDN:999498088";"Online-Ressource";"Schiller, Friedrich [Verfasser]";"Don Carlos : ein dramatisches Gedicht / von Friedrich von Schiller";"";"[Online-Ausg.]";"Berlin : Weltgeist-Bücher-Verl.-Ges.";"1926";"185 S.";"";"";"";"";"";"ger";"XA-DE";"";"";"";"";"";"";"";"Online-Ausg.: Leipzig ; Frankfurt, M. ; Berlin : Dt. Nationalbibliothek 2010. Online-Ressource";"";"";"10,O10"
"";"URN:urn:nbn:de:101:2-2010020316, URL:http://nbn-resolving.de/urn:nbn:de:101:2-2010020316, IDN:999990659";"Online-Ressource";"";"[5]. Christian Wahnschaffe : Roman in zwei Bänden. - Bd. 1";"[5]. Christian Wahnschaffe : Roman in zwei Bänden. - Bd. 1";"52. - 55. Aufl.";"";"1926";"433 S.";"";"";"";"";"";"ger";"";"";"";"";"";"http://d-nb.info/999990462";"";"";"Online-Ausg.: 2010";"";"";"10,O10"
"";"URN:urn:nbn:de:101:2-2010020596, URL:http://nbn-resolving.de/urn:nbn:de:101:2-2010020596, IDN:1000044017";"Online-Ressource";"";"[6]. Christian Wahnschaffe : Roman in zwei Bänden. - Bd. 2";"[6]. Christian Wahnschaffe : Roman in zwei Bänden. - Bd. 2";"52. - 55. Tsd.";"";"1926";"453 S.";"";"";"";"";"";"ger";"";"";"";"";"";"http://d-nb.info/999990462";"";"";"Online-Ausg.: 2010";"";"";"10,O10"
"";"URN:urn:nbn:de:101:2-2010020303, URL:http://nbn-resolving.de/urn:nbn:de:101:2-2010020303, IDN:999992686";"Online-Ressource";"";"[7]. Caspar Hauser und die Trägheit des Herzens : Roman";"[7]. Caspar Hauser und die Trägheit des Herzens : Roman";"30. - 34. Aufl. aller Ausg.";"";"1926";"464 S.";"";"";"";"";"";"ger";"";"";"";"";"";"http://d-nb.info/999990462";"";"";"Online-Ausg.: 2010";"";"";"10,O10"
"830 Deutsche Literatur ; B Belletristik";"URN:urn:nbn:de:101:2-2010011320, URL:http://nbn-resolving.de/urn:nbn:de:101:2-2010011320, IDN:999499602";"Online-Ressource";"Hebbel, Friedrich [Verfasser]";"Maria Magdalene : ein bürgerliches Trauerspiel in drei Akten / von Friedrich Hebbel";"";"[Online-Ausg.]";"Berlin : Weltgeist-Bücher-Verl.-Ges.";"1926";"82 S.";"";"";"";"";"";"ger";"XA-DE";"";"";"";"";"";"";"";"Online-Ausg.: Leipzig ; Frankfurt, M. ; Berlin : Dt. Nationalbibliothek 2010. Online-Ressource";"";"";"10,O10"
"830 Deutsche Literatur ; B Belletristik";"URN:urn:nbn:de:101:2-2010012612, URL:http://nbn-resolving.de/urn:nbn:de:101:2-2010012612, IDN:999792202";"Online-Ressource";"Lessing, Gotthold Ephraim [Verfasser]";"Minna von Barnhelm oder Das Soldatenglück : ein Lustspiel in fünf Aufzügen / von Gotthold Ephraim Lessing";"";"[Online-Ausg.]";"Berlin : Weltgeist-Bücher-Verl.-Ges.";"1926";"87 S.";"";"";"";"";"";"ger";"XA-DE";"";"";"";"";"";"";"";"Online-Ausg.: Leipzig ; Frankfurt, M. ; Berlin : Dt. Nationalbibliothek 2010. Online-Ressource";"";"";"10,O10"
"830 Deutsche Literatur ; B Belletristik";"URN:urn:nbn:de:101:2-2010031068, URL:http://nbn-resolving.de/urn:nbn:de:101:2-2010031068, IDN:1000742032";"Online-Ressource";"Fouqué, Friedrich de La Motte- [Verfasser]";"Undine : eine Erzählung / von Friedrich Baron de la Motte Fouqué";"";"[Online-Ausg.]";"Berlin : Weltgeist-Bücher-Verl.-Ges.";"1926";"80 S. ; 18 cm";"";"";"";"";"";"ger";"XA-DE";"";"";"";"";"";"";"";"Online-Ausg.: 2010. Online-Ressource";"";"";"10,O10"
"K Kinder- und Jugendliteratur";"URN:urn:nbn:de:101:2-2010011971, URL:http://nbn-resolving.de/urn:nbn:de:101:2-2010011971, IDN:999625977";"Online-Ressource";"Reinheimer, Sophie [Verfasser]";"Von Sonne, Regen, Schnee und Wind und anderen guten Freunden / Sophie Reinheimer";"";"131. - 140. Tsd. / Schwarzweißzeichn. von Adolf Amberg. Die farbigen Vollbilder entwarf Franz Müller, [Online-Ausg.]";"Berlin ; Leipzig ; Wien : Schneider";"1926";"135 S.";"";"";"";"";"";"ger";"XA-DE";"";"";"";"";"";"";"";"Online-Ausg.: Leipzig ; Frankfurt, M. ; Berlin : Dt. Nationalbibliothek 2010. Online-Ressource";"";"";"10,O10"
"830 Deutsche Literatur ; B Belletristik";"URN:urn:nbn:de:101:2-2010030926, URL:http://nbn-resolving.de/urn:nbn:de:101:2-2010030926, IDN:1000721310";"Online-Ressource";"Eichendorff, Joseph von [Verfasser]";"Aus dem Leben eines Taugenichts / von Joseph von Eichendorff";"";"[Online-Ausg.]";"Berlin : Propyläen-Verl.";"1925";"152 S.";"";"";"";"";"";"ger";"XA-DE";"";"";"Das kleine Propyläen-Buch";"";"";"";"";"Online-Ausg.: Leipzig ; Frankfurt, M. ; Berlin : Dt. Nationalbibliothek 2010. Online-Ressource";"";"";"10,O10"
"830 Deutsche Literatur ; B Belletristik";"URN:urn:nbn:de:101:2-2010020514, URL:http://nbn-resolving.de/urn:nbn:de:101:2-2010020514, IDN:100003979X";"Online-Ressource";"Meyer, Conrad Ferdinand [Verfasser]";"Der Schuß von der Kanzel / von Conrad Ferdinand Meyer";"";"52. - 61. Tsd., [Online-Ausg.]";"Leipzig : Haessel";"1925";"96 S.";"";"";"";"";"";"ger";"XA-DE";"";"";"";"";"";"";"";"Online-Ausg.: Leipzig ; Frankfurt, M. ; Berlin : Dt. Nationalbibliothek 2010. Online-Ressource";"";"";"10,O10"
"830 Deutsche Literatur ; B Belletristik";"URN:urn:nbn:de:101:2-2010011391, URL:http://nbn-resolving.de/urn:nbn:de:101:2-2010011391, IDN:999489119";"Online-Ressource";"Meyer, Conrad Ferdinand [Verfasser]";"Die Hochzeit des Mönchs / von Conrad Ferdinand Meyer";"";"[Online-Ausg.]";"Leipzig : Haessel";"1925";"164 S.";"";"";"";"";"";"ger";"XA-DE";"";"";"";"";"";"";"";"Online-Ausg.: Leipzig ; Frankfurt, M. ; Berlin : Dt. Nationalbibliothek 2010. Online-Ressource";"";"";"10,O10"
"830 Deutsche Literatur ; B Belletristik";"URN:urn:nbn:de:101:2-2010012692, URL:http://nbn-resolving.de/urn:nbn:de:101:2-2010012692, IDN:999783203";"Online-Ressource";"Kleist, Heinrich von [Verfasser]";"Die Marquise von O : Erzählung / Heinrich von Kleist";"";"[Online-Ausg.]";"Stuttgart : Hädecke";"1925";"76 S.";"";"";"";"";"";"ger";"XA-DE";"";"";"Schöne Reihe";"";"";"";"";"Online-Ausg.: Leipzig ; Frankfurt, M. ; Berlin : Dt. Nationalbibliothek 2010. Online-Ressource";"";"";"10,O10"
"830 Deutsche Literatur ; B Belletristik";"URN:urn:nbn:de:101:2-2010031002, URL:http://nbn-resolving.de/urn:nbn:de:101:2-2010031002, URL:http://nbn-resolving.de/urn:nbn:de:101:2-2010031002, IDN:1000738140";"Online-Ressource";"Uhland, Ludwig [Verfasser] ; Manz, Gustav [Herausgeber]";"Gedichte / Ludwig Uhland. [Für die Deutsche Bibliothek neu hrsg. von Gustav Manz]";"";"[Online-Ausg.]";"Berlin : Dt. Bibliothek";"1925";"352 S. ; 18 cm";"";"";"";"";"";"ger";"XA-DE";"";"";"Deutsche Bibliothek";"";"";"lizenzfrei";"";"Online-Ausg.: Leipzig ; Frankfurt, M. ; Berlin : Dt. Nationalbibliothek 2010. Online-Ressource";"";"";"10,O10"
"830 Deutsche Literatur ; B Belletristik";"URN:urn:nbn:de:101:2-2010011917, URL:http://nbn-resolving.de/urn:nbn:de:101:2-2010011917, IDN:999636413";"Online-Ressource";"Storm, Theodor [Verfasser]";"Pole Poppenspäler : Erzählung / von Theodor Storm";"";"[Online-Ausg.]";"Berlin ; Leipzig : Gebr. Paetel";"1925";"89 S.";"";"";"";"";"";"ger";"XA-DE";"";"";"";"";"";"";"";"Online-Ausg.: Leipzig ; Frankfurt, M. ; Berlin : Dt. Nationalbibliothek 2010. Online-Ressource";"";"";"10,O10"
"830 Deutsche Literatur ; B Belletristik";"URN:urn:nbn:de:101:2-2010020887, URL:http://nbn-resolving.de/urn:nbn:de:101:2-2010020887, IDN:1000061701";"Online-Ressource";"Grimmelshausen, Hans Jakob Christoffel von [Verfasser]";"Der abenteuerliche Simplizissimus / von H. J. Chr. von Grimmelshausen";"";"[Online-Ausg.]";"Leipzig : Hesse & Becker";"1924";"656 S.";"";"";"";"";"";"ger";"XA-DE";"";"";"Romane der Weltliteratur";"";"";"";"";"Online-Ausg.: Leipzig ; Frankfurt, M. ; Berlin : Dt. Nationalbibliothek 2010. Online-Ressource";"";"";"10,O10"
"830 Deutsche Literatur ; B Belletristik";"URN:urn:nbn:de:101:2-2010031015, URL:http://nbn-resolving.de/urn:nbn:de:101:2-2010031015, IDN:1000738701";"Online-Ressource";"Kleist, Heinrich von [Verfasser]";"Der zerbrochene Krug : ein Lustspiel / Heinrich von Kleist";"";"[Online-Ausg.]";"Wien ; Berlin : Tillgner";"1924";"74 S. ; 15 cm";"";"";"";"";"";"ger";"XA-AT";"";"";"";"";"";"";"";"Online-Ausg.: Leipzig ; Frankfurt, M. ; Berlin : Dt. Nationalbibliothek 2010. Online-Ressource";"";"";"10,O10"
"830 Deutsche Literatur ; B Belletristik";"URN:urn:nbn:de:101:2-2010020541, URL:http://nbn-resolving.de/urn:nbn:de:101:2-2010020541, IDN:1000025942";"Online-Ressource";"Stifter, Adalbert [Verfasser]";"Die Narrenburg : Erzählung / Adalbert Stifter";"";"[Online-Ausg.]";"Leipzig : Reclam";"1924";"144 S.";"";"";"";"";"";"ger";"XA-DE";"";"";"Reclams Universal-Bibliothek ; Nr. 4532/4533";"";"http://d-nb.info/997583932";"";"";"Online-Ausg.: Leipzig ; Frankfurt, M. ; Berlin : Dt. Nationalbibliothek 2010. Online-Ressource";"";"";"10,O10"
"S Schulbücher";"URN:urn:nbn:de:101:2-2010011217, URL:http://nbn-resolving.de/urn:nbn:de:101:2-2010011217, IDN:99945742X";"Online-Ressource";"Schnitzler, Arthur [Verfasser]";"Fräulein Else : Novelle / Arthur Schnitzler";"";"1. - 11. Tsd., [Online-Ausg.]";"Berlin ; Wien ; Leipzig : P. Zsolnay";"1924";"136 S.";"";"";"";"";"";"ger";"XA-DE";"";"";"";"";"";"";"";"Online-Ausg.: Leipzig ; Frankfurt, M. ; Berlin : Dt. Nationalbibliothek 2010. Online-Ressource";"";"";"10,O10"
"830 Deutsche Literatur ; B Belletristik";"URN:urn:nbn:de:101:2-2010012665, URL:http://nbn-resolving.de/urn:nbn:de:101:2-2010012665, IDN:999784315";"Online-Ressource";"Keller, Gottfried [Verfasser]";"Kleider machen Leute / von Gottfried Keller";"";"[Online-Ausg.]";"Berlin : Comenius-Verl.";"1924";"53 S.";"";"";"";"";"";"ger";"XA-DE";"";"";"";"";"";"";"";"Online-Ausg.: Leipzig ; Frankfurt, M. ; Berlin : Dt. Nationalbibliothek 2010. Online-Ressource";"";"";"10,O10"
"830 Deutsche Literatur ; B Belletristik";"URN:urn:nbn:de:101:2-2010020525, URL:http://nbn-resolving.de/urn:nbn:de:101:2-2010020525, IDN:1000039358";"Online-Ressource";"Ebner-Eschenbach, Marie von [Verfasser]";"Krambambuli und andere Dorf- und Schloßgeschichten / von Marie von Ebner-Eschenbach";"";"[Online-Ausg.]";"Berlin : Gebr. Paetel";"1924";"100 S.";"";"";"";"";"";"ger";"XA-DE";"";"";"";"";"";"";"";"Online-Ausg.: Leipzig ; Frankfurt, M. ; Berlin : Dt. Nationalbibliothek 2010. Online-Ressource";"";"";"10,O10"
"830 Deutsche Literatur ; B Belletristik";"URN:urn:nbn:de:101:2-2010012674, URL:http://nbn-resolving.de/urn:nbn:de:101:2-2010012674, IDN:999784137";"Online-Ressource";"Mörike, Eduard [Verfasser]";"Mozart auf der Reise nach Prag / Eduard Mörike";"";"[Online-Ausg.]";"München : Eichholz & Schönfeld";"1924";"125 S.";"";"";"";"";"";"ger";"XA-DE";"";"";"";"";"";"";"";"Online-Ausg.: Leipzig ; Frankfurt, M. ; Berlin : Dt. Nationalbibliothek 2010. Online-Ressource";"";"";"10,O10"
"830 Deutsche Literatur ; B Belletristik";"URN:urn:nbn:de:101:2-2010030932, URL:http://nbn-resolving.de/urn:nbn:de:101:2-2010030932, IDN:1000721728";"Online-Ressource";"Keller, Gottfried [Verfasser]";"Der grüne Heinrich : Roman / Gottfried Keller";"";"[Online-Ausg.]";"Berlin : Harz";"1923";"885 S. in getr. Zählung";"";"";"";"";"";"ger";"XA-DE";"";"";"";"";"";"";"";"Online-Ausg.: Leipzig ; Frankfurt, M. ; Berlin : Dt. Nationalbibliothek 2010. Online-Ressource";"";"";"10,O10"
"830 Deutsche Literatur ; B Belletristik";"URN:urn:nbn:de:101:2-20100310171, URL:http://nbn-resolving.de/urn:nbn:de:101:2-20100310171, URL:http://nbn-resolving.de/urn:nbn:de:101:2-20100310171, IDN:1000743772";"Online-Ressource";"Eichendorff, Joseph von [Verfasser]";"Es steht ein Berg in Feuer : Gedichte / von Eichendorff";"";"[Online-Ausg.]";"Berlin-Zehlendorf : F. Heyder";"1923";"32 S.";"";"";"";"";"";"ger";"XA-DE";"";"";"";"";"";"lizenzfrei";"";"Online-Ausg.: Leipzig ; Frankfurt, M. ; Berlin : Dt. Nationalbibliothek 2010. Online-Ressource";"";"";"10,O10"
"830 Deutsche Literatur ; B Belletristik";"URN:urn:nbn:de:101:2-20100310160, URL:http://nbn-resolving.de/urn:nbn:de:101:2-20100310160, IDN:1000745015";"Online-Ressource";"Hoffmann, E. T. A. [Verfasser]";"Lebensansichten des Kater Murr, nebst fragmentarischer Biographie des Kapellmeisters Johannes Kreisler in zufälligen Makulaturblättern / von E. T. A. Hoffmann";"";"[Online-Ausg.]";"Berlin : Propyläen-Verl.";"1923";"468 S.";"";"";"";"";"";"ger";"XA-DE";"";"";"Werke der Weltliteratur";"";"";"";"";"Online-Ausg.: Leipzig ; Frankfurt, M. ; Berlin : Dt. Nationalbibliothek 2010. Online-Ressource";"";"";"10,O10"
"830 Deutsche Literatur ; B Belletristik";"URN:urn:nbn:de:101:2-20100310144, URL:http://nbn-resolving.de/urn:nbn:de:101:2-20100310144, IDN:1000746003";"Online-Ressource";"Chamisso, Adelbert von [Verfasser]";"Peter Schlemihls wundersame Geschichte / mitget. von Adelbert von Chamisso. Mit den Holzschn. von Adolph Menzel";"";"2. Aufl., [Online-Ausg.]";"Berlin : Propyläen-Verl.";"1923";"91 S.";"";"";"";"";"";"ger";"XA-DE";"";"";"Werke der Weltliteratur";"";"";"";"";"Online-Ausg.: Leipzig ; Frankfurt, M. ; Berlin : Dt. Nationalbibliothek 2010. Online-Ressource";"";"";"10,O10"
"K Kinder- und Jugendliteratur";"URN:urn:nbn:de:101:2-2010020803, URL:http://nbn-resolving.de/urn:nbn:de:101:2-2010020803, IDN:1000071596";"Online-Ressource";"Bassewitz, Gerdt von [Verfasser]";"Peterchens Mondfahrt : ein Märchen / von Gerdt von Bassewitz. Mit Bildern von Hans Baluschek";"";"7., verm. und verb. Aufl., (61. - 70. Tsd.), [Online-Ausg.]";"Berlin-Grunewald : Klemm";"1923";"127 S.";"";"";"";"";"";"ger";"XA-DE";"";"";"";"";"";"";"";"Online-Ausg.: Leipzig ; Frankfurt, M. ; Berlin : Dt. Nationalbibliothek 2010. Online-Ressource";"";"";"10,O10"
"830 Deutsche Literatur ; B Belletristik";"URN:urn:nbn:de:101:2-2010012650, URL:http://nbn-resolving.de/urn:nbn:de:101:2-2010012650, IDN:999784641";"Online-Ressource";"Grabbe, Christian Dietrich [Verfasser]";"Scherz, Satire, Ironie und tiefere Bedeutung! : Lustspiel in drei Akten / Christian Dietrich Grabbe";"";"3. - 5. Tsd., [Online-Ausg.]";"München : Wolff";"1923";"118 S.";"";"";"";"";"";"ger";"XA-DE";"";"";"";"";"";"";"";"Online-Ausg.: Leipzig ; Frankfurt, M. ; Berlin : Dt. Nationalbibliothek 2010. Online-Ressource";"";"";"10,O10"
"830 Deutsche Literatur ; B Belletristik";"URN:urn:nbn:de:101:2-2010020354, URL:http://nbn-resolving.de/urn:nbn:de:101:2-2010020354, IDN:999991469";"Online-Ressource";"Schnitzler, Arthur [Verfasser]";"Sterben : Novelle ; Text der Gesamtausgabe / von Arthur Schnitzler";"";"11. - 12. Aufl., [Online-Ausg.]";"Berlin : S. Fischer";"1923";"117 S.";"";"";"";"";"";"ger";"XA-DE";"";"";"";"";"";"";"";"Online-Ausg.: Leipzig ; Frankfurt, M. ; Berlin : Dt. Nationalbibliothek 2010. Online-Ressource";"";"";"10,O10"
"830 Deutsche Literatur ; B Belletristik";"URN:urn:nbn:de:101:2-2010020345, URL:http://nbn-resolving.de/urn:nbn:de:101:2-2010020345, IDN:999991566";"Online-Ressource";"Heine, Heinrich [Verfasser]";"Buch der Lieder / von Heinrich Heine";"";"[Text völlig neu durchges.], [Online-Ausg.]";"Stuttgart : Krabbe";"1922";"XVI, 332 S.";"";"";"";"";"";"ger";"XA-DE";"";"";"";"";"";"";"";"Online-Ausg.: Leipzig ; Frankfurt, M. ; Berlin : Dt. Nationalbibliothek 2010. Online-Ressource";"";"";"10,O10"
"830 Deutsche Literatur ; B Belletristik";"URN:urn:nbn:de:101:2-20100310151, URL:http://nbn-resolving.de/urn:nbn:de:101:2-20100310151, URL:http://nbn-resolving.de/urn:nbn:de:101:2-20100310151, IDN:1000745384";"Online-Ressource";"Mörike, Eduard [Verfasser]";"Gedichte / von Eduard Mörike. Mit Bildern von Ludwig Richter und Moritz von Schwind";"";"[Online-Ausg.]";"Stuttgart : K. A. E. Müller";"1922";"244 S.";"";"";"";"";"";"ger";"XA-DE";"";"";"";"";"";"lizenzfrei";"";"Online-Ausg.: Leipzig ; Frankfurt, M. ; Berlin : Dt. Nationalbibliothek 2010. Online-Ressource";"";"";"10,O10"
"830 Deutsche Literatur ; B Belletristik";"URN:urn:nbn:de:101:2-2010051908, URL:http://nbn-resolving.de/urn:nbn:de:101:2-2010051908, URL:http://nbn-resolving.de/urn:nbn:de:101:2-2010051908, IDN:100266554X";"Online-Ressource";"Droste-Hülshoff, Annette von [Verfasser]";"Gedichte in Auswahl / von Annette Freiin von Droste-Hülshoff";"";"10. - 14. Tsd., [Online-Ausg.]";"Leipzig : C. F. Amelang";"1922";"96 S.";"";"";"";"";"";"ger";"XA-DE";"";"";"";"";"";"lizenzfrei";"";"Online-Ausg.: Leipzig ; Frankfurt, M. ; Berlin : Dt. Nationalbibliothek 2010. Online-Ressource";"";"";"10,O10"
"830 Deutsche Literatur ; B Belletristik";"URN:urn:nbn:de:101:2-2010011960, URL:http://nbn-resolving.de/urn:nbn:de:101:2-2010011960, IDN:999626892";"Online-Ressource";"Schlegel, Friedrich von [Verfasser]";"Lucinde : ein Roman / Friedrich v. Schlegel";"";"[Online-Ausg.]";"München : Rösl";"1922";"210 S.";"";"";"";"";"";"ger";"XA-DE";"";"";"";"";"";"";"";"Online-Ausg.: Leipzig ; Frankfurt, M. ; Berlin : Dt. Nationalbibliothek 2010. Online-Ressource";"";"";"10,O10"
"830 Deutsche Literatur ; B Belletristik";"URN:urn:nbn:de:101:2-2010011386, URL:http://nbn-resolving.de/urn:nbn:de:101:2-2010011386, IDN:999489690";"Online-Ressource";"Kleist, Heinrich von [Verfasser]";"Penthesilea : ein Trauerspiel / von Heinrich von Kleist";"";"[Neudr.], [Online-Ausg.]";"Leipzig : Reclam";"1922";"103 S.";"";"";"";"";"";"ger";"XA-DE";"";"";"Reclams Universal-Bibliothek ; Nr. 1305";"";"http://d-nb.info/997583932";"";"";"Online-Ausg.: Leipzig ; Frankfurt, M. ; Berlin : Dt. Nationalbibliothek 2010. Online-Ressource";"";"";"10,O10"
"830 Deutsche Literatur ; B Belletristik";"URN:urn:nbn:de:101:2-2010012646, URL:http://nbn-resolving.de/urn:nbn:de:101:2-2010012646, IDN:999785087";"Online-Ressource";"Goethe, Johann Wolfgang von [Verfasser]";"Reineke Fuchs / Goethe. Mit den Handzeichn. von Ludwig Richter";"";"[Online-Ausg.]";"München : Recht";"1922";"167 S.";"";"";"";"";"";"ger";"XA-DE";"";"";"";"";"";"";"";"Online-Ausg.: Leipzig ; Frankfurt, M. ; Berlin : Dt. Nationalbibliothek 2010. Online-Ressource";"";"";"10,O10"
"830 Deutsche Literatur ; B Belletristik";"URN:urn:nbn:de:101:2-2010020903, URL:http://nbn-resolving.de/urn:nbn:de:101:2-2010020903, IDN:1000095037";"Online-Ressource";"Raimund, Ferdinand [Verfasser]";"Der Alpenkönig und der Menschenfeind : romantisch-komisches Original-Zauberspiel in zwei Aufzügen / Ferdinand Raimund";"";"[Online-Ausg.]";"Leipzig : Insel-Verl.";"1921";"78 S.";"";"";"";"";"";"ger";"XA-DE";"";"";"";"";"";"";"";"Online-Ausg.: Leipzig ; Frankfurt, M. ; Berlin : Dt. Nationalbibliothek 2010. Online-Ressource";"";"";"10,O10"
"830 Deutsche Literatur ; B Belletristik";"URN:urn:nbn:de:101:2-2010031163, URL:http://nbn-resolving.de/urn:nbn:de:101:2-2010031163, IDN:1000776565";"Online-Ressource";"Keller, Gottfried [Verfasser]";"Der Landvogt von Greifensee / Gottfried Keller";"";"[Online-Ausg.]";"Leipzig : Insel-Verl.";"1921";"77 S.";"";"";"";"";"";"ger";"XA-DE";"";"";"";"";"";"";"";"Online-Ausg.: Leipzig ; Frankfurt, M. ; Berlin : Dt. Nationalbibliothek 2010. Online-Ressource";"";"";"10,O10"
"830 Deutsche Literatur ; B Belletristik";"URN:urn:nbn:de:101:2-20100310181, URL:http://nbn-resolving.de/urn:nbn:de:101:2-20100310181, IDN:1000743306";"Online-Ressource";"Wedekind, Frank [Verfasser]";"Die Büchse der Pandora : Tragödie in drei Aufzügen mit einem Prolog / Frank Wedekind";"";"26.-35. Tsd., [Online-Ausg.]";"München : G. Müller";"1921";"97 S.";"";"";"";"";"";"ger";"XA-DE";"";"";"";"";"";"";"";"Online-Ausg.: Leipzig ; Frankfurt, M. ; Berlin : Dt. Nationalbibliothek 2010. Online-Ressource";"";"";"10,O10"
"830 Deutsche Literatur ; B Belletristik";"URN:urn:nbn:de:101:2-2010011944, URL:http://nbn-resolving.de/urn:nbn:de:101:2-2010011944, IDN:999633856";"Online-Ressource";"Kleist, Heinrich von [Verfasser]";"Michael Kohlhaas / Heinrich von Kleist";"";"[Online-Ausg.]";"München : Dt.-Meister-Verl.";"1921";"231 S.";"";"";"";"";"";"ger";"XA-DE";"";"";"Die Bücher der deutschen Meister";"";"";"";"";"Online-Ausg.: Leipzig ; Frankfurt, M. ; Berlin : Dt. Nationalbibliothek 2010. Online-Ressource";"";"";"10,O10"
"830 Deutsche Literatur ; B Belletristik";"URN:urn:nbn:de:101:2-2010011981, URL:http://nbn-resolving.de/urn:nbn:de:101:2-2010011981, IDN:999625101";"Online-Ressource";"Büchner, Georg [Verfasser]";"Dantons Tod : ein Drama / von Georg Büchner";"";"[Online-Ausg.]";"München ; Barmen : Dt.-Meister-Verl.";"1920";"110 S.";"";"";"";"";"";"ger";"XA-DE";"";"";"Die Bücher der deutschen Meister";"";"";"";"";"Online-Ausg.: Leipzig ; Frankfurt, M. ; Berlin : Dt. Nationalbibliothek 2010. Online-Ressource";"";"";"10,O10"
"830 Deutsche Literatur ; B Belletristik";"URN:urn:nbn:de:101:2-2010011933, URL:http://nbn-resolving.de/urn:nbn:de:101:2-2010011933, IDN:999634003";"Online-Ressource";"Anzengruber, Ludwig [Verfasser]";"Das vierte Gebot : Volksstück in vier Akten / von Ludwig Anzengruber";"";"11. - 12. Aufl., [Online-Ausg.]";"Stuttgart ; Berlin : Cotta";"1920";"104 S.";"";"";"";"";"";"ger";"XA-DE";"";"";"";"";"";"";"";"Online-Ausg.: Leipzig ; Frankfurt, M. ; Berlin : Dt. Nationalbibliothek 2010. Online-Ressource";"";"";"24,O03"
"830 Deutsche Literatur ; B Belletristik";"URN:urn:nbn:de:101:2-2010051919, URL:http://nbn-resolving.de/urn:nbn:de:101:2-2010051919, IDN:1002666201";"Online-Ressource";"Tieck, Ludwig [Verfasser]";"Franz Sternbalds Wanderungen : eine altdeutsche Geschichte / Ludwig Tieck";"";"[Online-Ausg.]";"München : Parcus";"1920";"271 S. : Ill.";"";"";"";"";"";"ger";"XA-DE";"";"";"";"";"";"";"";"Online-Ausg.: Leipzig ; Frankfurt, M. ; Berlin : Dt. Nationalbibliothek 2010. Online-Ressource";"";"";"10,O10"
"830 Deutsche Literatur ; B Belletristik";"URN:urn:nbn:de:101:2-2010021710, URL:http://nbn-resolving.de/urn:nbn:de:101:2-2010021710, IDN:1000287998";"Online-Ressource";"Storm, Theodor [Verfasser]";"Hans und Heinz Kirch : Novelle / Theodor Storm";"";"[Online-Ausg.]";"Leipzig : Insel-Verl.";"1920";"78 S.";"";"";"";"";"";"ger";"XA-DE";"";"";"";"";"";"";"";"Online-Ausg.: Leipzig ; Frankfurt, M. ; Berlin : Dt. Nationalbibliothek 2010. Online-Ressoruce";"";"";"10,O10"
"S Schulbücher";"URN:urn:nbn:de:101:2-2010031047, URL:http://nbn-resolving.de/urn:nbn:de:101:2-2010031047, IDN:1000740307";"Online-Ressource";"Schiller, Friedrich [Verfasser]";"Kabale und Liebe : ein bürgerliches Trauerspiel / von Friedrich v. Schiller";"";"[Online-Ausg.]";"Berlin : Hendel";"1920";"98 S. ; 17 cm";"";"";"";"";"";"ger";"XA-DE";"";"";"Bibliothek der Gesamtliteratur des In- und Auslandes ; Nr. 162";"";"";"";"";"Online-Ausg.: Leipzig ; Frankfurt, M. ; Berlin : Dt. Nationalbibliothek 2010. Online-Ressource";"";"";"10,O10"
"830 Deutsche Literatur ; B Belletristik";"URN:urn:nbn:de:101:2-2010020890, URL:http://nbn-resolving.de/urn:nbn:de:101:2-2010020890, IDN:1000061361";"Online-Ressource";"Hoffmann, E. T. A. [Verfasser]";"Prinzessin Brambilla : ein Capriccio ; nach Jakob Callot / von E. T. A. Hoffmann";"";"[Online-Ausg.]";"München ; Barmen : Dt.-Meister-Verl.";"1920";"196 S.";"";"";"";"";"";"ger";"XA-DE";"";"";"Die Bücher der Deutschen Meister";"";"";"";"";"Online-Ausg.: Leipzig ; Frankfurt, M. ; Berlin : Dt. Nationalbibliothek 2010. Online-Ressource";"";"";"10,O10"
"830 Deutsche Literatur ; B Belletristik";"URN:urn:nbn:de:101:2-2009120303, URL:http://nbn-resolving.de/urn:nbn:de:101:2-2009120303, IDN:998814423";"Online-Ressource";"Goethe, Johann Wolfgang von [Verfasser]";"Faust : eine Tragödie ; Teil 1 / Goethe";"";"[Online-Ausg.]";"Leipzig : Amelang";"1919";"173 S.";"";"";"";"";"";"ger";"XA-DE";"";"";"";"";"";"";"";"Online-Ausg.: Leipzig ; Frankfurt, M. ; Berlin : Dt. Nationalbibliothek 2010. Online-Ressource";"";"";"10,O10"
"830 Deutsche Literatur ; B Belletristik";"URN:urn:nbn:de:101:2-2010020843, URL:http://nbn-resolving.de/urn:nbn:de:101:2-2010020843, IDN:1000065812";"Online-Ressource";"Marlitt, E. [Verfasser]";"Im Hause des Kommerzienrates : Roman / von E. Marlitt";"";"[Online-Ausg.]";"Stuttgart ; Berlin ; Leipzig : Union, Dt. Verl.-Ges.";"1917";"415 S.";"";"";"";"";"";"ger";"XA-DE";"";"";"";"";"";"";"";"Online-Ausg.: Leipzig ; Frankfurt, M. ; Berlin : Dt. Nationalbibliothek 2010. Online-Ressource";"";"";"10,O10"
"830 Deutsche Literatur ; B Belletristik";"URN:urn:nbn:de:101:2-2010020856, URL:http://nbn-resolving.de/urn:nbn:de:101:2-2010020856, IDN:1000065588";"Online-Ressource";"Meyrink, Gustav [Verfasser]";"Der Golem : ein Roman / von Gustav Meyrink";"";"[Online-Ausg.]";"Leipzig : Wolff";"1916";"598 S.";"";"";"";"";"";"ger";"XA-DE";"";"";"";"";"";"";"Prag ; Getto ; Geschichte 1885 ; Belletristische Darstellung";"Online-Ausg.: Leipzig ; Frankfurt, M. ; Berlin : Dt. Nationalbibliothek 2010. Online-Ressource";"";"";"10,O10"
"830 Deutsche Literatur ; B Belletristik";"URN:urn:nbn:de:101:2-2010030909, URL:http://nbn-resolving.de/urn:nbn:de:101:2-2010030909, IDN:1000719413";"Online-Ressource";"Anzengruber, Ludwig [Verfasser]";"Der G'wissenswurm : Bauernkomödie mit Gesang in 3 Akten / von Ludwig Anzengruber";"";"7. Aufl., [Online-Ausg.]";"Stuttgart ; Berlin : Cotta";"1916";"88 S.";"";"";"";"";"";"ger";"XA-DE";"";"";"";"";"";"";"";"Online-Ausg.: Leipzig ; Frankfurt, M. ; Berlin : Dt. Nationalbibliothek 2010. Online-Ressource";"";"";"10,O10"
"830 Deutsche Literatur ; B Belletristik";"URN:urn:nbn:de:101:2-2010011282, URL:http://nbn-resolving.de/urn:nbn:de:101:2-2010011282, IDN:999461311";"Online-Ressource";"Tieck, Ludwig [Verfasser]";"Des Lebens Überfluß : Erzählung / von Ludwig Tieck";"";"[Online-Ausg.]";"Leipzig : Insel-Verl.";"1916";"62 S.";"";"";"";"";"";"ger";"XA-DE";"";"";"";"";"";"";"";"Online-Ausg.: 2010. Online-Ressource";"";"";"10,O10"
"830 Deutsche Literatur ; B Belletristik";"URN:urn:nbn:de:101:2-2010020386, URL:http://nbn-resolving.de/urn:nbn:de:101:2-2010020386, IDN:999989804";"Online-Ressource";"Storm, Theodor [Verfasser]";"Die Söhne des Senators / von Theodor Storm";"";"8. Aufl., [Online-Ausg.]";"Berlin : Gebr. Paetel";"1916";"67 S.";"";"";"";"";"";"ger";"XA-DE";"";"";"";"";"";"";"";"Online-Ausg.: Leipzig ; Frankfurt, M. ; Berlin : Dt. Nationalbibliothek 2010. Online-Ressource";"";"";"10,O10"
"830 Deutsche Literatur ; B Belletristik";"URN:urn:nbn:de:101:2-2010020557, URL:http://nbn-resolving.de/urn:nbn:de:101:2-2010020557, IDN:1000047555";"Online-Ressource";"Fontane, Theodor [Verfasser]";"Unwiederbringlich : Roman / von Theodor Fontane";"";"8. Aufl., [Online-Ausg.]";"Stuttgart : Cotta";"1916";"385 S.";"";"";"";"";"";"ger";"XA-DE";"";"";"";"";"";"";"";"Online-Ausg.: Leipzig ; Frankfurt, M. ; Berlin : Dt. Nationalbibliothek 2010. Online-Ressource";"";"";"10,O10"
"830 Deutsche Literatur ; B Belletristik";"URN:urn:nbn:de:101:2-2010031099, URL:http://nbn-resolving.de/urn:nbn:de:101:2-2010031099, IDN:1000743217";"Online-Ressource";"Trakl, Georg [Verfasser]";"Sebastian in Traum / Georg Trakl";"";"[Online-Ausg.]";"Leipzig : Wolff";"1915";"88 S. ; 24 cm";"";"";"";"";"";"ger";"XA-DE";"";"";"";"";"";"";"";"Online-Ausg.: Leipzig ; Frankfurt, M. ; Berlin : Dt. Nationalbibliothek 2010. Online-Ressource";"";"";"10,O10"
"830 Deutsche Literatur ; B Belletristik";"URN:urn:nbn:de:101:2-2010011952, URL:http://nbn-resolving.de/urn:nbn:de:101:2-2010011952, IDN:999627252";"Online-Ressource";"Heyse, Paul [Verfasser]";"L' Arrabbiata : Novelle / von Paul Heyse";"";"14. Aufl., [Online-Ausg.]";"Stuttgart ; Berlin : Cotta";"1914";"51 S.";"";"";"";"";"";"ger";"XA-DE";"";"";"";"";"";"";"";"Online-Ausg.: Leipzig ; Frankfurt, M. ; Berlin : Dt. Nationalbibliothek 2010. Online-Ressource";"";"";"10,O10"
"830 Deutsche Literatur ; B Belletristik";"URN:urn:nbn:de:101:2-2010020823, URL:http://nbn-resolving.de/urn:nbn:de:101:2-2010020823, IDN:1000070883";"Online-Ressource";"Postl, Karl [Verfasser]";"Das Kajütenbuch / von Charles Sealsfield";"";"[Online-Ausg.]";"Leipzig : Insel-Verl.";"1913";"500 S.";"";"";"";"";"";"ger";"XA-DE";"";"";"";"";"";"";"";"Online-Ausg.: Leipzig ; Frankfurt, M. ; Berlin : Dt. Nationalbibliothek 2010. Online-Ressource";"";"";"10,O10"
"830 Deutsche Literatur ; B Belletristik";"URN:urn:nbn:de:101:2-2010031175, URL:http://nbn-resolving.de/urn:nbn:de:101:2-2010031175, IDN:1000776271";"Online-Ressource";"Grillparzer, Franz [Verfasser]";"Der arme Spielmann / von Franz Grillparzer";"";"[Online-Ausg.]";"Leipzig : Insel-Verl.";"1913";"57 S.";"";"";"";"";"";"ger";"XA-DE";"";"";"";"";"";"";"";"Online-Ausg.: Leipzig ; Frankfurt, M. ; Berlin : Dt. Nationalbibliothek 2010. Online-Ressource";"";"";"10,O10"
"830 Deutsche Literatur ; B Belletristik";"URN:urn:nbn:de:101:2-2010020584, URL:http://nbn-resolving.de/urn:nbn:de:101:2-2010020584, IDN:1000046648";"Online-Ressource";"Heym, Georg [Verfasser]";"Der Dieb : ein Novellenbuch / Georg Heym";"";"[Online-Ausg.]";"Leipzig : Rowohlt";"1913";"145 S.";"";"";"";"";"";"ger";"XA-DE";"";"";"";"";"";"";"";"Online-Ausg.: Leipzig ; Frankfurt, M. ; Berlin : Dt. Nationalbibliothek 2010. Online-Ressource";"";"";"10,O10"
"760 Druckgrafik, Drucke ; 830 Deutsche Literatur ; B Belletristik ; 090 Handschriften, seltene Bücher";"URN:urn:nbn:de:101:2-2010012683, URL:http://nbn-resolving.de/urn:nbn:de:101:2-2010012683, IDN:999783831";"Online-Ressource";"Hoffmann, E. T. A. [Verfasser]";"Der goldene Topf : ein Märchen aus der neuen Zeit / von E. T. A. Hoffmann. Mit 13 Lithogr. von Karl Thylmann";"";"[Online-Ausg.]";"Leipzig : Wolff";"1913";"160 S.";"";"";"";"";"";"ger";"XA-DE";"";"";"";"";"";"";"";"Online-Ausg.: Leipzig ; Frankfurt, M. ; Berlin : Dt. Nationalbibliothek 2010. Online-Ressource";"";"";"10,O10"
"830 Deutsche Literatur ; B Belletristik";"URN:urn:nbn:de:101:2-2010031114, URL:http://nbn-resolving.de/urn:nbn:de:101:2-2010031114, IDN:1000783693";"Online-Ressource";"Kafka, Franz [Verfasser]";"Der Heizer : ein Fragment / Franz Kafka";"";"[Online-Ausg.]";"Leipzig : Wolff";"1913";"47 S.";"";"";"";"";"";"ger";"XA-DE";"";"";"Der jüngste Tag ; Bd. [3]";"";"";"";"";"Online-Ausg.: Leipzig ; Frankfurt, M. ; Berlin : Dt. Nationalbibliothek 2010. Online-Ressource";"";"";"10,O10"
"830 Deutsche Literatur ; B Belletristik";"URN:urn:nbn:de:101:2-2010020375, URL:http://nbn-resolving.de/urn:nbn:de:101:2-2010020375, IDN:999990012";"Online-Ressource";"Stifter, Adalbert [Verfasser]";"Heidedorf und Weihnachtsabend / von Adalbert Stifter";"";"[Online-Ausg.]";"Leipzig : Amelang";"1913";"119 S.";"";"";"";"";"";"ger";"XA-DE";"";"";"";"";"";"";"";"Online-Ausg.: Leipzig ; Frankfurt, M. ; Berlin : Dt. Nationalbibliothek 2010. Online-Ressource";"";"";"10,O10"
"830 Deutsche Literatur ; B Belletristik";"URN:urn:nbn:de:101:2-2010011268, URL:http://nbn-resolving.de/urn:nbn:de:101:2-2010011268, IDN:999460560";"Online-Ressource";"Jean Paul [Verfasser]";"Leben des vergnügten Schulmeisterlein Maria Wuz in Auenthal / Jean Paul";"";"[Online-Ausg.]";"Leipzig : Insel-Verl.";"1913";"51 S.";"";"";"";"";"";"ger";"XA-DE";"";"";"";"";"";"";"";"Online-Ausg.: Leipzig ; Frankfurt, M. ; Berlin : Dt. Nationalbibliothek 2010. Online-Ressource";"";"";"10,O10"
"830 Deutsche Literatur ; B Belletristik";"URN:urn:nbn:de:101:2-20100310132, URL:http://nbn-resolving.de/urn:nbn:de:101:2-20100310132, IDN:1000746348";"Online-Ressource";"Körner, Theodor [Verfasser] ; Kircheisen, Friedrich M. [Herausgeber]";"Leyer und Schwerdt / von Theodor Körner. Neu hrsg. von F. M. Kircheisen";"";"[Online-Ausg.]";"Berlin : Morawe & Scheffelt";"1913";"88 S.";"";"";"";"";"";"ger";"XA-DE";"";"";"";"";"";"";"";"Online-Ausg.: Leipzig ; Frankfurt, M. ; Berlin : Dt. Nationalbibliothek 2010. Online-Ressource";"";"";"10,O10"
"830 Deutsche Literatur ; B Belletristik";"URN:urn:nbn:de:101:2-2010020531, URL:http://nbn-resolving.de/urn:nbn:de:101:2-2010020531, IDN:100003917X";"Online-Ressource";"Schiller, Friedrich [Verfasser]";"Schillers Wallenstein";"";"[Online-Ausg.]";"Berlin : Dt. Bibliothek";"1913";"291 S.";"";"";"";"";"";"ger";"XA-DE";"";"";"Deutsche Bibliothek";"";"";"";"";"Online-Ausg.: Leipzig ; Frankfurt, M. ; Berlin : Dt. Nationalbibliothek 2010. Online-Ressource";"";"";"10,O10"
"830 Deutsche Literatur ; B Belletristik";"URN:urn:nbn:de:101:2-2010020879, URL:http://nbn-resolving.de/urn:nbn:de:101:2-2010020879, IDN:1000062104";"Online-Ressource";"Fontane, Theodor [Verfasser]";"Vor dem Sturm : Roman aus dem Winter 1812 auf 13 / von Theodor Fontane";"";"15. - 16. Aufl., [Online-Ausg.]";"Stuttgart ; Berlin : Cotta";"1913";"773 S.";"";"";"";"";"";"ger";"XA-DE";"";"";"";"";"";"";"Preußen ; Bevölkerung ; Geschichte 1812-1813 ; Belletristische Darstellung";"Online-Ausg.: Leipzig ; Frankfurt, M. ; Berlin : Dt. Nationalbibliothek 2010. Online-Ressource";"";"";"10,O10"
"830 Deutsche Literatur ; B Belletristik";"URN:urn:nbn:de:101:2-2010031185, URL:http://nbn-resolving.de/urn:nbn:de:101:2-2010031185, IDN:1000775615";"Online-Ressource";"Hofmannsthal, Hugo von [Verfasser]";"Der Tod des Tizian";"";"11. - 30. Tsd., [Online-Ausg.]";"Leipzig : Insel-Verl.";"1912";"41 S.";"";"";"";"";"";"ger";"XA-DE";"";"";"";"";"";"";"";"Online-Ausg.: Leipzig ; Frankfurt, M. ; Berlin : Dt. Nationalbibliothek 2010. Online-Ressource";"";"";"10,O10"
"830 Deutsche Literatur ; B Belletristik";"URN:urn:nbn:de:101:2-2010031131, URL:http://nbn-resolving.de/urn:nbn:de:101:2-2010031131, IDN:1000778517";"Online-Ressource";"Keller, Gottfried [Verfasser]";"Die drei gerechten Kammacher : Erzählung / von Gottfried Keller";"";"[Online-Ausg.]";"Stuttgart ; Berlin : Cotta";"1903";"63 S.";"";"";"";"";"";"ger";"XA-DE";"";"";"";"";"";"";"";"Online-Ausg.: Leipzig ; Frankfurt, M. ; Berlin : Dt. Nationalbibliothek 2010. Online-Ressource";"";"";"10,O10"
